{
  "id": "project-2",
  "name": "Project 2",
  "slug": "project-2",
  "gallery": [
    {
      "type": "internal",
      "dataUrl": "/api/v1/content/_media/_media-e48796cb-bfb8-40df-958b-eadb986ef17e"
    },
    {
      "type": "internal",
      "dataUrl": "/api/v1/content/_media/_media-f395e192-4575-4bcf-9b5b-323b1c4c8bcb"
    },
    {
      "type": "internal",
      "dataUrl": "/api/v1/content/_media/_media-070e027a-8bb9-4517-bc31-91b3fc5c159a"
    }
  ],
  "internal": {
    "createdAt": "2020-12-14T16:19:11+00:00",
    "deletedAt": "",
    "updatedAt": "2022-02-18T12:06:35+00:00",
    "contentType": "project",
    "objectTitle": "Project 2",
    "workflow_state": "saved"
  },
  "description": "<p>Here will be an awesome description of this awesome Project! Check out our other awesome projects!</p>\n",
  "headerImage": [
    {
      "type": "internal",
      "dataUrl": "/api/v1/content/_media/_media-4024941e-f755-4f35-9853-22ec1523bc95"
    }
  ],
  "gallery_name": "Gallery 2",
  "gallery_description": "<p>Here will be an awesome description of this Project gallery! Check out our other awesome projects!</p>\n"
}