{
  "id": "project-924958",
  "name": "Project 4",
  "slug": "project-4",
  "gallery": [
    {
      "type": "internal",
      "dataUrl": "/api/v1/content/_media/_media-c7c3a62c-f3bc-4122-935f-1d5c864dc6f0"
    },
    {
      "type": "internal",
      "dataUrl": "/api/v1/content/_media/_media-4024941e-f755-4f35-9853-22ec1523bc95"
    },
    {
      "type": "internal",
      "dataUrl": "/api/v1/content/_media/_media-5d417543-3338-4606-9cda-8d41f01bb306"
    },
    {
      "type": "internal",
      "dataUrl": "/api/v1/content/_media/_media-073f5bea-9536-4342-9e79-36f27430a2d8"
    },
    {
      "type": "internal",
      "dataUrl": "/api/v1/content/_media/_media-8f6280ad-76fc-4954-9463-20e29d4c4a05"
    },
    {
      "type": "internal",
      "dataUrl": "/api/v1/content/_media/_media-c6be32b4-6e14-43e4-abd2-fbc5f17c04ec"
    },
    {
      "type": "internal",
      "dataUrl": "/api/v1/content/_media/_media-e4bc002c-8cb4-4e55-952b-6f7325ddb1ff"
    }
  ],
  "internal": {
    "createdAt": "2022-01-23T22:43:58+00:00",
    "deletedAt": "",
    "updatedAt": "2022-02-18T12:49:58+00:00",
    "contentType": "project",
    "objectTitle": "Project 4",
    "workflow_state": "saved"
  },
  "description": "<p>Here will be an awesome description of this awesome Project! Check out our other awesome projects!</p>\n",
  "headerImage": [
    {
      "type": "internal",
      "dataUrl": "/api/v1/content/_media/_media-5d417543-3338-4606-9cda-8d41f01bb306"
    }
  ],
  "gallery_name": "Gallery 4",
  "gallery_description": "<p>Here will be an awesome description of this Project gallery! Check out our other awesome projects!</p>\n"
}