{
  "name": "project",
  "label": "Project",
  "schemaDefinition": {
    "type": "object",
    "allOf": [
      {
        "$ref": "#/components/schemas/AbstractContentTypeSchemaDefinition"
      },
      {
        "type": "object",
        "properties": {
          "name": {
            "type": "string",
            "minLength": 1
          },
          "slug": {
            "type": "string",
            "pattern": "^[a-zA-Z0-9-_]*$",
            "minLength": 1
          },
          "gallery": {
            "type": "array",
            "items": {
              "$ref": "#/components/schemas/DataSource"
            },
            "minItems": 0
          },
          "description": {
            "type": "string"
          },
          "headerImage": {
            "type": "array",
            "items": {
              "$ref": "#/components/schemas/DataSource"
            },
            "minItems": 0
          },
          "gallery_name": {
            "type": "string"
          },
          "gallery_description": {
            "type": "string"
          }
        }
      }
    ],
    "required": [
      "name",
      "slug"
    ],
    "additionalProperties": false
  },
  "metaDefinition": {
    "order": [
      "name",
      "slug",
      "description",
      "headerImage",
      "gallery_name",
      "gallery_description",
      "gallery"
    ],
    "propertiesConfig": {
      "name": {
        "label": "Name",
        "unique": true,
        "helpText": "",
        "inputType": "text",
        "isTitlePart": true
      },
      "slug": {
        "label": "Slug",
        "unique": true,
        "helpText": "",
        "inputType": "text"
      },
      "gallery": {
        "label": "Gallery",
        "unique": false,
        "helpText": "",
        "inputType": "datasource",
        "validation": {
          "relationMultiple": true,
          "relationContenttype": "_media"
        }
      },
      "description": {
        "label": "Description",
        "unique": false,
        "helpText": "",
        "inputType": "richtext"
      },
      "headerImage": {
        "label": "Header image",
        "unique": false,
        "helpText": "",
        "inputType": "datasource",
        "validation": {
          "relationContenttype": "_media"
        }
      },
      "gallery_name": {
        "label": "Gallery name",
        "unique": false,
        "helpText": "",
        "inputType": "text"
      },
      "gallery_description": {
        "label": "Gallery description",
        "unique": false,
        "helpText": "",
        "inputType": "richtext"
      }
    }
  }
}